"a.out 1  49 124;","1","을왕리 해수욕장","49","124","37.447138888889","126.37209444444"
"a.out 1  49 124;","2","왕산 해수욕장","49","124","37.456152777778","126.37121666667"
"a.out 1  50 123;","3","하나개 해수욕장","50","123","37.386847222222","126.41125277778"
"a.out 1  49 32;","4","사계해안","49","32","33.228580 ","126.326645 "
"a.out 1  48 32;","5","하모해변","48","32","33.228752 ","126.272202 "
"a.out 1  49 128;","6","민머루 해수욕장","49","128","37.651430555556","126.33353055556"
"a.out 1  51 120;","7","장경리 해수욕장","51","120","37.277875","126.45091388889"
"a.out 1  49 126;","8","옹암 해수욕장","49","126","37.534791666667","126.35617222222"
"a.out 1  50 32;","9","논짓물","50","32","33.228378 ","126.381081 "
"a.out 1  50 126;","10","수기 해수욕장","50","126","37.543575","126.43191666667"
"a.out 1  51 127;","11","동막 해수욕장","51","127","37.592383333333","126.45818611111"
"a.out 1  45 119;","12","서포리 해수욕장","45","119","37.219430555556","126.11484444444"
"a.out 1  51 120;","13","십리포 해수욕장","51","120","37.281394444444","126.48355555556"
"a.out 1  43 118;","14","굴업 해수욕장","43","118","37.192161111111","125.98377777778"
"a.out 1  46 119;","15","떼뿌루 해수욕장","46","119","37.212422222222","126.174975"
"a.out 1  45 119;","16","밧지름 해수욕장","45","119","37.214766666667","126.14048611111"
"a.out 1  49 37;","17","한담해변","49","37","33.456364 ","126.327759 "
"a.out 1  51 38;","18","알작지","51","38","33.501507 ","126.437309 "
"a.out 1  49 126;","19","한들 해수욕장","49","126","37.528733333333","126.34704722222"
"a.out 1  47 118;","20","큰풀안 해수욕장","47","118","37.169222222222","126.26336111111"
"a.out 1  48 120;","21","장골 해수욕장","48","120","37.249358333333","126.31468333333"
"a.out 1  47 118;","22","벌안 해수욕장","47","118","37.181516666667","126.22226666667"
"a.out 1  20 132;","23","지두리 해수욕장","20","132","37.821208333333","124.67928611111"
"a.out 1  61 38;","24","검멀레해변","61","38","33.497463 ","126.983902 "
"a.out 1  59 38;","25","세화해변","59","38","33.498520 ","126.874588 "
"a.out 1  20 132;","26","모래울 해수욕장","20","132","37.813816666667","124.68468888889"
"a.out 1  58 39;","27","평대해변","58","39","33.544586 ","126.820488 "
"a.out 1  55 39;","28","제주신흥해수욕장","55","39","33.545845 ","126.656403 "
"a.out 1  58 39;","29","월정리해변(월정리해수욕장)","58","39","33.544586 ","126.820488 "
"a.out 1  48 120;","30","큰말 해수욕장","48","120","37.252733333333","126.30634166667"
"a.out 1  49 126;","31","진촌 해수욕장","49","126","37.550469444444","126.33486666667"
"a.out 1  52 52;","32","보길도 뾰쪽산과 보옥리 공룡알해변","52","52","34.140064 ","126.496719 "
"a.out 1  55 52;","33","진산리해수욕장","55","52","34.139072 ","126.662285 "
"a.out 1  47 118;","34","작은풀안 해수욕장","47","118","37.170575","126.25745833333"
"a.out 1  48 118;","35","이일레 해수욕장","48","118","37.164711111111","126.30210277778"
"a.out 1  45 118;","36","문갑 해수욕장","45","118","37.178819444444","126.10709444444"
"a.out 1  48 118;","37","계남 해수욕장","48","118","37.17","126.27"
"a.out 1  55 52;","38","미라리해수욕장","55","52","34.139072 ","126.662285 "
"a.out 1  54 118;","39","제부도 해수욕장","54","118","37.165494444444","126.61729444444"
"a.out 1  55 117;","40","궁평리 해수욕장","55","117","37.121044444444","126.68505277778"
"a.out 1  52 92;","41","대천 해수욕장","52","92","36.31","126.51"
"a.out 1  49 114;","42","벌천포 해수욕장","49","114","36.97","126.34"
"a.out 1  52 96;","43","춘장대 해수욕장","52","96","36.16","126.52"
"a.out 1  49 103;","44","꽃지 해수욕장","49","103","36.49","126.33"
"a.out 1  46 111;","45","구름포 해수욕장","46","111","36.84","126.15"
"a.out 1  48 106;","46","마검포 해수욕장","48","106","36.61","126.29"
"a.out 1  59 53;","47","지리해수욕장","59","53","34.182987 ","126.883636 "
"a.out 1  52 98;","48","용두 해수욕장","52","98","36.26","126.54"
"a.out 1  52 97;","49","독산(홀뫼) 해수욕장","52","97","36.22","126.53"
"a.out 1  52 97;","50","장안 해수욕장","52","97","36.2","126.53"
"a.out 1  52 98;","51","무창포 해수욕장","52","98","36.24","126.53"
"a.out 1  49 104;","52","밧개 해수욕장","49","104","36.53","126.33"
"a.out 1  49 104;","53","두여 해수욕장","49","104","36.540841666667","126.33"
"a.out 1  49 105;","54","안면 해수욕장","49","105","36.547897222222","126.32904444444"
"a.out 1  48 105;","55","삼봉 해수욕장","48","105","36.571288888889","126.31316666667"
"a.out 1  48 105;","56","백사장 해수욕장","48","105","36.578869444444","126.31406111111"
"a.out 1  49 104;","57","방포 해수욕장","49","104","36.508441666667","126.33416666667"
"a.out 1  49 105;","58","기지포 해수욕장","49","105","36.560613888889","126.32421944444"
"a.out 1  49 102;","59","샛별 해수욕장","49","102","36.447169444444","126.33"
"a.out 1  56 56;","60","정도리해변","56","56","34.321442 ","126.719452 "
"a.out 1  49 102;","61","장삼포 해수욕장","49","102","36.422361111111","126.3603"
"a.out 1  50 102;","62","바람아래 해수욕장","50","102","36.412844444444","126.37929722222"
"a.out 1  48 107;","63","몽산포 해수욕장","48","107","36.669591666667","126.28751111111"
"a.out 1  48 107;","64","달산포 해수욕장","48","107","36.653758333333","126.296575"
"a.out 1  48 107;","65","청포대 해수욕장","48","107","36.639363888889","126.29835555556"
"a.out 1  46 108;","66","갈음이 해수욕장","46","108","36.7","126.15"
"a.out 1  47 108;","67","연포 해수욕장","47","108","36.693591666667","126.21065"
"a.out 1  46 110;","68","천리포 해수욕장","46","110","36.803272222222","126.14934722222"
"a.out 1  46 111;","69","의항 해수욕장","46","111","36.827833333333","126.15973611111"
"a.out 1  45 110;","70","만리포 해수욕장","45","110","36.788022222222","126.14316944444"
"a.out 1  45 109;","71","어은돌 해수욕장","45","109","36.7506","126.12956944444"
"a.out 1  45 109;","72","파도리 해수욕장","45","109","36.738158333333","126.13131111111"
"a.out 1  46 112;","73","학암포 해수욕장","46","112","36.903163888889","126.20438611111"
"a.out 1  46 112;","74","구례포 해수욕장","46","112","36.8875","126.19701666667"
"a.out 1  46 111;","75","신두리 해수욕장","46","111","36.838705555556","126.19"
"a.out 1  65 58;","76","오천몽돌해변","65","58","34.407879 ","127.219162 "
"a.out 1  48 113;","77","꾸지나무골 해수욕장","48","113","36.935155555556","126.29205555556"
"a.out 1  50 115;","78","난지도 해수욕장","50","115","37.047366666667","126.42326944444"
"a.out 1  51 100;","79","원산도 해수욕장","51","100","36.36","126.43"
"a.out 1  51 58;","80","송평해변","51","58","34.414524 ","126.443359 "
"a.out 1  68 61;","81","남성리해수욕장","68","61","34.542812 ","127.388260 "
"a.out 1  50 101;","82","오봉산 해수욕장","50","101","36.37","126.4"
"a.out 1  49 101;","83","명장섬 해수욕장","49","101","36.4","126.34"
"a.out 1  82 62;","84","덕동몽돌해수욕장","82","62","34.574329 ","128.166870 "
"a.out 1  83 63;","85","유동해변","83","63","34.618801 ","128.223953 "
"a.out 1  48 98;","86","당산 해수욕장","48","98","36.27","126.27"
"a.out 1  45 108;","87","통개 해수욕장","45","108","36.728069444444","126.14265833333"
"a.out 1  40 62;","88","띠밭넘어해변","40","62","34.598328 ","125.833275 "
"a.out 1  49 100;","89","거멀너머 해수욕장","49","100","36.35","126.35"
"a.out 1  49 100;","90","진너머 해수욕장","49","100","36.35","126.35"
"a.out 1  50 89;","91","선유도 해수욕장","50","89","35.816855555556","126.41141666667"
"a.out 1  52 82;","92","동호 해수욕장","52","82","35.519847222222","126.48"
"a.out 1  52 83;","93","모항 갯벌 해수욕장","52","83","35.582155","126.507543"
"a.out 1  84 63;","94","흰작살해변","84","63","34.617516 ","128.279526 "
"a.out 1  51 85;","95","격포 해수욕장","51","85","35.630016666667","126.46926666667"
"a.out 1  52 85;","96","고사포 해수욕장","52","85","35.662847222222","126.50863333333"
"a.out 1  52 86;","97","변산 해수욕장","52","86","35.680286111111","126.52960277778"
"a.out 1  48 84;","98","위도 해수욕장","48","84","35.61","126.28"
"a.out 1  48 66;","99","외달도 해수욕장","48","66","34.781933333333","126.29689166667"
"a.out 1  79 65;","100","천하몽돌해수욕장","79","65","34.715115 ","128.004440 "
"a.out 1  76 60;","101","안도 해수욕장","76","60","34.490681","127.812671"
"a.out 1  72 63;","102","장등 해수욕장","72","63","34.65","127.61"
"a.out 1  75 67;","103","모사금 해수욕장","75","67","34.8","127.76"
"a.out 1  74 66;","104","만성리검은모래 해수욕장","74","66","34.777383","127.744882"
"a.out 1  75 67;","105","신덕 해수욕장","75","67","34.82","127.77"
"a.out 1  75 63;","106","방죽포 해수욕장","75","63","34.63","127.79"
"a.out 1  71 62;","107","사도 해수욕장","71","62","34.59","127.56"
"a.out 1  66 49;","108","거문도(유림) 해수욕장","66","49","34.01","127.28986388889"
"a.out 1  77 65;","109","남해 가천 해변과 암수바위","77","65","34.717342 ","127.893120 "
"a.out 1  86 66;","110","연대도 해수욕장","86","66","34.752064 ","128.395645 "
"a.out 1  76 65;","111","선구몽돌해변","76","65","34.718407 ","127.837463 "
"a.out 1  64 63;","112","용동 해수욕장","64","63","34.63","127.18"
"a.out 1  64 58;","113","익금 해수욕장","64","58","34.429322222222","127.14468333333"
"a.out 1  63 59;","114","연소 해수욕장","63","59","34.45","127.12"
"a.out 1  68 60;","115","발포 해수욕장","68","60","34.491766666667","127.3567"
"a.out 1  70 59;","116","염포 해수욕장","70","59","34.43","127.49"
"a.out 1  70 59;","117","나로우주 해수욕장","70","59","34.470619444444","127.46812222222"
"a.out 1  65 64;","118","풍류 해수욕장","65","64","34.66","127.23"
"a.out 1  66 65;","119","대전 해수욕장","66","65","34.712766666667","127.27055277778"
"a.out 1  70 62;","120","남열해돋이 해수욕장","70","62","34.578952777778","127.48668611111"
"a.out 1  69 61;","121","덕흥 해수욕장","69","61","34.527047222222","127.45916111111"
"a.out 1  63 64;","122","율포 해수욕장","63","64","34.669744444444","127.08851944444"
"a.out 1  62 63;","123","수문 해수욕장","62","63","34.635158333333","127.03490833333"
"a.out 1  80 66;","124","항도몽돌해수욕장과 항도방파제","80","66","34.759705 ","128.061523 "
"a.out 1  53 56;","125","사구미 해수욕장","53","56","34.320555555556","126.57919166667"
"a.out 1  41 65;","126","하트해변(하누넘해수욕장)","41","65","34.735676 ","125.888618 "
"a.out 1  52 56;","127","송호땅끝 해수욕장","52","56","34.314302777778","126.51900833333"
"a.out 1  49 72;","128","홀통 해수욕장","49","72","35.060641666667","126.33632222222"
"a.out 1  50 70;","129","톱머리 해수욕장","50","70","34.968044444444","126.38693055556"
"a.out 1  76 67;","130","구미동해변 (구미동해수욕장)","76","67","34.809925 ","127.840019 "
"a.out 1  51 73;","131","돌머리 해수욕장","51","73","35.086538888889","126.43910277778"
"a.out 1  80 68;","132","모상개해수욕장","80","68","34.851227 ","128.064392 "
"a.out 1  50 80;","133","가마미 해수욕장","50","80","35.398558333333","126.40825833333"
"a.out 1  46 77;","134","송이도 해수욕장","46","77","35.274355555556","126.152725"
"a.out 1  62 56;","135","금일해당화 해수욕장","62","56","34.331052","127.057436"
"a.out 1  58 56;","136","신지명사십리 해수욕장","58","56","34.326377777778","126.8086"
"a.out 1  60 57;","137","가사동백숲 해수욕장","60","57","34.370335","126.928274"
"a.out 1  59 56;","138","동고 해수욕장","59","56","34.329402777778","126.88034444444"
"a.out 1  59 53;","139","지리청송 해수욕장","59","53","34.198294444444","126.86186388889"
"a.out 1  54 52;","140","통리솔밭 해수욕장","54","52","34.157927777778","126.57914166667"
"a.out 1  54 52;","141","중리 해수욕장","54","52","34.16","126.59"
"a.out 1  53 52;","142","예송갯돌 해수욕장","53","52","34.142219444444","126.56408888889"
"a.out 1  60 56;","143","금곡 해수욕장","60","56","34.320036111111","126.95940277778"
"a.out 1  49 59;","144","가계 해수욕장","49","59","34.435027777778","126.35513333333"
"a.out 1  48 58;","145","금갑 해수욕장","48","58","34.395069444444","126.27755555556"
"a.out 1  89 68;","146","죽림해수욕장","89","68","34.839314 ","128.566238 "
"a.out 1  44 54;","147","관매도 해수욕장","44","54","34.246719444444","126.05195"
"a.out 1  44 55;","148","신전 해수욕장","44","55","34.283319444444","126.073225"
"a.out 1  44 68;","149","분계 해수욕장","44","68","34.88","126.05"
"a.out 1  46 70;","150","우전 해수욕장","46","70","34.971247222222","126.13660833333"
"a.out 1  44 73;","151","대광 해수욕장","44","73","35.103155555556","126.06903333333"
"a.out 1  44 68;","152","백길 해수욕장","44","68","34.857877777778","126.03281666667"
"a.out 1  42 66;","153","원평 해수욕장","42","66","34.776877777778","125.91842777778"
"a.out 1  41 65;","154","하트 해수욕장","41","65","34.749752777778","125.894625"
"a.out 1  42 64;","155","시목 해수욕장","42","64","34.672244444444","125.95456388889"
"a.out 1  40 62;","156","돈목 해수욕장","40","62","34.609055","125.827436"
"a.out 1  64 59;","157","금장 해수욕장","64","59","34.435469444444","127.16492222222"
"a.out 1  75 64;","158","무술목 해수욕장","75","64","34.683755555556","127.77630277778"
"a.out 1  70 68;","159","화포해변","70","68","34.861435 ","127.506607 "
"a.out 1  44 69;","160","둔장해변","44","69","34.918835 ","126.055847 "
"a.out 1  74 70;","161","배알도해수욕장","74","70","34.949291 ","127.732155 "
"a.out 1  91 71;","162","두모몽돌해변","91","71","34.973606 ","128.683334 "
"a.out 1  49 71;","163","조금나루해수욕장","49","71","35.009872 ","126.335541 "
"a.out 1  96 73;","164","몰운대(부산 국가지질공원)","96","73","35.057079 ","128.966751 "
"a.out 1  98 73;","165","감지해변","98","73","35.053623 ","129.078598 "
"a.out 1  50 74;","166","안악해수욕장","50","74","35.147102 ","126.392288 "
"a.out 1  68 55;","167","손죽 해수욕장","68","55","34.29","127.36"
"a.out 1  59 53;","168","신흥 해수욕장","59","53","34.183688888889","126.90784166667"
"a.out 1  102 80;","169","나사해변(나사리해수욕장)","102","80","35.366867 ","129.318481 "
"a.out 1  50 79;","170","모래미 해변","50","79","35.376293 ","126.393661 "
"a.out 1  103 80;","171","솔개해수욕장","103","80","35.364952 ","129.374649 "
"a.out 1  93 133;","172","강문 해수욕장","93","133","37.796952777778","128.91798333333"
"a.out 1  93 132;","173","송정 해수욕장","93","132","37.780269444444","128.938075"
"a.out 1  94 132;","174","안목 해수욕장","94","132","37.773225","128.94735"
"a.out 1  94 132;","175","남항진 해수욕장","94","132","37.764569444444","128.95475555556"
"a.out 1  93 133;","176","경포 해수욕장","93","133","37.804333333333","128.90983055556"
"a.out 1  93 133;","177","사근진 해수욕장","93","133","37.811541666667","128.90028055556"
"a.out 1  92 133;","178","순긋 해수욕장","92","133","37.817797222222","128.89318333333"
"a.out 1  91 135;","179","주문진 해수욕장","91","135","37.911230555556","128.81963888889"
"a.out 1  104 85;","180","주전몽돌해변","104","85","35.592129 ","129.442917 "
"a.out 1  94 131;","181","안인 해수욕장","94","131","37.734852777778","128.99068055556"
"a.out 1  95 130;","182","정동진 해수욕장","95","130","37.69155017","129.0352866"
"a.out 1  95 130;","183","등명 해수욕장","95","130","37.703975","129.01841666667"
"a.out 1  96 128;","184","도직 해수욕장","96","128","37.60299292","129.0769156"
"a.out 1  95 129;","185","옥계 해수욕장","95","129","37.6391282","129.044277"
"a.out 1  95 129;","186","금진 해수욕장","95","129","37.62734106","129.0497078"
"a.out 1  92 133;","187","하평해변","92","133","37.82814","128.8802"
"a.out 1  92 134;","188","사천 해수욕장","92","134","37.85","128.87"
"a.out 1  92 134;","189","영진 해수욕장","92","134","37.86900183","128.8457533"
"a.out 1  92 134;","190","연곡 해수욕장","92","134","37.85925583","128.8537136"
"a.out 1  52 84;","191","상록해수욕장","52","84","35.605122 ","126.507919 "
"a.out 1  104 86;","192","강동몽돌해변","104","86","35.637974 ","129.445343 "
"a.out 1  104 86;","193","신명·정자해변","104","86","35.637974 ","129.445343 "
"a.out 1  104 88;","194","나아해변","104","88","35.729679 ","129.450211 "
"a.out 1  97 126;","195","추암 해수욕장","97","126","37.476680555556","129.160425"
"a.out 1  97 128;","196","어달 해수욕장","97","128","37.568036111111","129.11870833333"
"a.out 1  96 128;","197","대진 해수욕장","96","128","37.584483333333","129.10581388889"
"a.out 1  96 128;","198","망상 해수욕장","96","128","37.594238888889","129.09089166667"
"a.out 1  96 128;","199","노봉 해수욕장","96","128","37.587341666667","129.10218611111"
"a.out 1  87 141;","200","등대 해수욕장","87","141","38.217022222222","128.59544722222"
"a.out 1  87 141;","201","속초 해수욕장","87","141","38.188280555556","128.60558888889"
"a.out 1  87 141;","202","외옹치 해수욕장","87","141","38.1834","128.60915555556"
"a.out 1  98 126;","203","삼척 해수욕장","98","126","37.469044444444","129.16896388889"
"a.out 1  98 125;","204","작은후진 해수욕장","98","125","37.464030555556","129.17588333333"
"a.out 1  97 126;","205","증산 해수욕장","97","126","37.474616666667","129.16206666667"
"a.out 1  98 125;","206","오분해변","98","125","37.426241666667","129.1922"
"a.out 1  50 88;","207","옥돌해수욕장","50","88","35.789223 ","126.396164 "
"a.out 1  50 89;","208","몽돌해수욕장/몽돌해변","50","89","35.835133 ","126.396446 "
"a.out 1  105 92;","209","신창 간이 해수욕장","105","92","35.911160 ","129.516632 "
"a.out 1  105 94;","210","흥환간이해수욕장","105","94","36.002930 ","129.521606 "
"a.out 1  102 95;","211","송도해변(포항)","102","95","36.054741 ","129.353790 "
"a.out 1  98 124;","212","상맹방 해수욕장","98","124","37.403677777778","129.21134166667"
"a.out 1  99 124;","213","하맹방 해수욕장","99","124","37.3945","129.22600277778"
"a.out 1  99 124;","214","맹방 해수욕장","99","124","37.389986111111","129.23309166667"
"a.out 1  99 124;","215","덕산 해수욕장","99","124","37.386225","129.24146666667"
"a.out 1  99 123;","216","부남해변","99","123","37.361877777778","129.25156111111"
"a.out 1  99 122;","217","궁촌 해수욕장","99","122","37.324408333333","129.268625"
"a.out 1  99 122;","218","원평 해수욕장","99","122","37.319358333333","129.27433611111"
"a.out 1  100 122;","219","문암 해수욕장","100","122","37.309733333333","129.28914444444"
"a.out 1  100 122;","220","용화 해수욕장","100","122","37.290072222222","129.30486111111"
"a.out 1  100 122;","221","장호 해수욕장","100","122","37.285855555556","129.31454722222"
"a.out 1  85 146;","222","거진1리 해수욕장","85","146","38.4478949","128.4653985"
"a.out 1  85 146;","223","거진11리 해수욕장","85","146","38.442038888889","128.45516666667"
"a.out 1  84 147;","224","대진1리 해수욕장","84","147","38.50411751","128.4249022"
"a.out 1  84 147;","225","대진5리 해수욕장","84","147","38.49626185","128.4294011"
"a.out 1  84 147;","226","화진포 해수욕장","84","147","38.47803","128.43894"
"a.out 1  84 147;","227","초도리 해수욕장","84","147","38.49439","128.42829"
"a.out 1  85 146;","228","반암리 해수욕장","85","146","38.422683333333","128.46387777778"
"a.out 1  84 148;","229","마차진 해수욕장","84","148","38.510930555556","128.41989444444"
"a.out 1  84 148;","230","명파 해수욕장","84","148","38.543502777778","128.40559722222"
"a.out 1  86 144;","231","송지호 해수욕장","86","144","38.329933333333","128.52788611111"
"a.out 1  86 144;","232","봉수대 해수욕장","86","144","38.320905555556","128.52831944444"
"a.out 1  86 145;","233","가진리 해수욕장","86","145","38.372763888889","128.50975277778"
"a.out 1  86 144;","234","공현1리 해수욕장","86","144","38.35858298","128.5085337"
"a.out 1  86 144;","235","공현2리 해수욕장","86","144","38.35047742","128.5112024"
"a.out 1  86 144;","236","삼포 해수욕장","86","144","38.3153605","128.5350551"
"a.out 1  86 144;","237","삼포2리 해수욕장","86","144","38.31854047","128.5316005"
"a.out 1  86 143;","238","백도 해수욕장","86","143","38.301255555556","128.54631944444"
"a.out 1  86 143;","239","문암2리해변","86","143","38.29676","128.54939"
"a.out 1  86 143;","240","자작도 해수욕장","86","143","38.29735916","128.5476381"
"a.out 1  87 142;","241","천진 해수욕장","87","142","38.257641666667","128.56039166667"
"a.out 1  87 143;","242","청간 해수욕장","87","143","38.268188888889","128.55663611111"
"a.out 1  86 143;","243","아야진 해수욕장","86","143","38.275938888889","128.55341388889"
"a.out 1  86 143;","244","교암리 해수욕장","86","143","38.290913888889","128.54706388889"
"a.out 1  87 142;","245","봉포 해수욕장","87","142","38.254036111111","128.56379166667"
"a.out 1  89 138;","246","동호 해수욕장","89","138","38.057569444444","128.68401944444"
"a.out 1  88 139;","247","오산 해수욕장","88","139","38.091158333333","128.66411944444"
"a.out 1  90 137;","248","잔교리 해수욕장","90","137","37.992986111111","128.74373333333"
"a.out 1  90 137;","249","하조대 해수욕장","90","137","38.023016666667","128.72626111111"
"a.out 1  90 136;","250","죽도 해수욕장","90","136","37.974438888889","128.76007222222"
"a.out 1  90 136;","251","갯마을 해수욕장","90","136","37.949827777778","128.77851944444"
"a.out 1  90 136;","252","인구 해수욕장","90","136","37.968944444444","128.76390833333"
"a.out 1  90 136;","253","동산 해수욕장","90","136","37.981641666667","128.75884722222"
"a.out 1  90 136;","254","동산포구 해수욕장","90","136","37.981683333333","128.75847777778"
"a.out 1  90 136;","255","광진리 해수욕장","90","136","37.964777777778","128.76466388889"
"a.out 1  91 135;","256","원포리 해수욕장","91","135","37.930422222222","128.79236111111"
"a.out 1  91 135;","257","지경 해수욕장","91","135","37.922675","128.80333611111"
"a.out 1  90 136;","258","남애1리 해수욕장","90","136","37.954902777778","128.77271666667"
"a.out 1  90 136;","259","남애3리 해수욕장","90","136","37.94565","128.78464444444"
"a.out 1  87 140;","260","물치 해수욕장","87","140","38.1526","128.60817"
"a.out 1  88 140;","261","정암 해수욕장","88","140","38.138355555556","128.61647222222"
"a.out 1  88 139;","262","낙산 해수욕장","88","139","38.11677","128.63401"
"a.out 1  88 140;","263","설악 해수욕장","88","140","38.130091666667","128.62362222222"
"a.out 1  92 133;","264","사천진 해수욕장","92","133","37.842172222222","128.87438055556"
"a.out 1  87 142;","265","켄싱턴리조트 해수욕장","87","142","38.242883333333","128.57345555556"
"a.out 1  86 144;","266","송지호오토캠핑 해수욕장","86","144","38.34252","128.51573"
"a.out 1  90 137;","267","기사문 해수욕장","90","137","38.005513888889","128.73170277778"
"a.out 1  97 74;","268","송도 해수욕장(부산)","97","74","35.08","129.02"
"a.out 1  106 94;","269","구룡포 해수욕장","106","94","35.996794444444","129.56625833333"
"a.out 1  104 94;","270","도구 해수욕장","104","94","35.992666666667","129.44292777778"
"a.out 1  102 95;","271","영일대 해수욕장","102","95","36.054036111111","129.37750833333"
"a.out 1  103 97;","272","칠포 해수욕장","103","97","36.132327777778","129.40029166667"
"a.out 1  102 98;","273","월포 해수욕장","102","98","36.203327777778","129.37141388889"
"a.out 1  102 99;","274","화진 해수욕장","102","99","36.253247222222","129.37341388889"
"a.out 1  54 94;","275","갈목해변","54","94","36.063602 ","126.625191 "
"a.out 1  103 96;","276","용한1리해수욕장","103","96","36.098705 ","129.412994 "
"a.out 1  105 89;","277","전촌솔밭해변","105","89","35.787052777778","129.49152222222"
"a.out 1  105 89;","278","나정고운모래해변","105","89","35.783908333333","129.49181944444"
"a.out 1  105 90;","279","오류고아라해변","105","90","35.822436111111","129.50959166667"
"a.out 1  105 88;","280","봉길대왕암해변","105","88","35.739291666667","129.48446388889"
"a.out 1  104 86;","281","관성솔밭해변","104","86","35.6602","129.45230555556"
"a.out 1  102 101;","282","남호 해수욕장","102","101","36.327088888889","129.38137777778"
"a.out 1  103 103;","283","오보 해수욕장","103","103","36.440730555556","129.43287777778"
"a.out 1  102 100;","284","장사 해수욕장","102","100","36.283202777778","129.37601111111"
"a.out 1  103 104;","285","경정 해수욕장","103","104","36.480933333333","129.43296944444"
"a.out 1  103 106;","286","대진 해수욕장","103","106","36.564722222222","129.42737777778"
"a.out 1  103 102;","287","하저리 해수욕장","103","102","36.3898","129.40950277778"
"a.out 1  102 107;","288","고래불 해수욕장","102","107","36.598808333333","129.41274444444"
"a.out 1  101 118;","289","나곡 해수욕장","101","118","37.126225","129.37151111111"
"a.out 1  102 115;","290","망양정 해수욕장","102","115","36.967177777778","129.41404722222"
"a.out 1  103 112;","291","기성망양 해수욕장","103","112","36.843058333333","129.43466666667"
"a.out 1  103 110;","292","구산 해수욕장","103","110","36.752225","129.46807777778"
"a.out 1  102 116;","293","봉평 해수욕장","102","116","37.044105555556","129.41327777778"
"a.out 1  102 117;","294","후정 해수욕장","102","117","37.072127777778","129.41365277778"
"a.out 1  53 95;","295","비인해수욕장","53","95","36.109890 ","126.568764 "
"a.out 1  53 96;","296","띠섬목해변","53","96","36.155842 ","126.569168 "
"a.out 1  103 97;","297","오도1리해수욕장","103","97","36.144611 ","129.415421 "
"a.out 1  102 99;","298","조사리간이해수욕장","102","99","36.238396 ","129.363342 "
"a.out 1  102 102;","299","오포해수욕장","102","102","36.376194 ","129.370529 "
"a.out 1  50 101;","300","사창해수욕장","50","101","36.386517 ","126.399841 "
"a.out 1  49 102;","301","운여해변","49","102","36.432716 ","126.342964 "
"a.out 1  49 104;","302","두에기해변","49","104","36.524704 ","126.343460 "
"a.out 1  103 106;","303","덕천해수욕장","103","106","36.558044 ","129.437393 "
"a.out 1  99 75;","304","해운대 해수욕장","99","75","35.158852777778","129.16168611111"
"a.out 1  100 76;","305","송정 해수욕장","100","76","35.178533333333","129.199725"
"a.out 1  99 75;","306","광안리 해수욕장","99","75","35.153555555556","129.11940555556"
"a.out 1  101 79;","307","임랑 해수욕장","101","79","35.318538888889","129.26437777778"
"a.out 1  96 73;","308","다대포 해수욕장","96","73","35.046077777778","128.96575833333"
"a.out 1  101 78;","309","일광 해수욕장","101","78","35.27","129.23353055556"
"a.out 1  102 107;","310","영리해수욕장","102","107","36.605968 ","129.382599 "
"a.out 1  104 83;","311","일산 해수욕장","104","83","35.495591666667","129.431"
"a.out 1  47 108;","312","원안해수욕장","47","108","36.709076 ","126.229630 "
"a.out 1  103 80;","313","진하 해수욕장","103","80","35.383563888889","129.34582222222"
"a.out 1  87 65;","314","비진도 해수욕장","87","65","34.719755555556","128.46019166667"
"a.out 1  92 70;","315","덕포 해수욕장","92","70","34.912583333333","128.71259166667"
"a.out 1  92 67;","316","와현모래숲해변","92","67","34.812683333333","128.70583888889"
"a.out 1  92 71;","317","흥남 해수욕장","92","71","34.960061111111","128.71505"
"a.out 1  48 111;","318","음포해수욕장","48","111","36.847019 ","126.287651 "
"a.out 1  91 72;","319","황포 해수욕장","91","72","35.021127777778","128.67624722222"
"a.out 1  91 72;","320","농소몽돌 해수욕장","91","72","35.0068","128.69521944444"
"a.out 1  91 67;","321","구조라 해수욕장","91","67","34.808305555556","128.69088333333"
"a.out 1  90 67;","322","학동흑진주몽돌해변","90","67","34.773286111111","128.64050555556"
"a.out 1  90 66;","323","명사 해수욕장","90","66","34.726144444444","128.60385277778"
"a.out 1  91 66;","324","함목 해수욕장","91","66","34.739213888889","128.652675"
"a.out 1  90 65;","325","여차몽돌 해수욕장","90","65","34.713508333333","128.626375"
"a.out 1  79 65;","326","설리 해수욕장","79","65","34.71","128.026"
"a.out 1  79 65;","327","상주은모래비치","79","65","34.720313888889","127.98820555556"
"a.out 1  46 112;","328","먼동해수욕장","46","112","36.893326 ","126.172714 "
"a.out 1  76 65;","329","송정솔바람해변","76","65","34.721183333333","128.02314444444"
"a.out 1  77 66;","330","두곡.월포 해수욕장","77","66","34.767747222222","127.90732777778"
"a.out 1  76 65;","331","사촌 해수욕장","76","65","34.741686111111","127.85549444444"
"a.out 1  81 70;","332","남일대 해수욕장","81","70","34.926205555556","128.09666111111"
"a.out 1  83 63;","333","덕동 해수욕장","83","63","34.635427777778","128.23739166667"
"a.out 1  87 68;","334","수륙 해수욕장","87","68","34.8238","128.44"
"a.out 1  48 113;","335","사목해수욕장","48","113","36.939106 ","126.288071 "
"a.out 1  49 114;","336","황금산몽돌해변","49","114","36.984974 ","126.345932 "
"a.out 1  88 66;","337","봉암몽돌 해수욕장","88","66","34.759880555556","128.51143055556"
"a.out 1  102 117;","338","하트해변","102","117","37.065926 ","129.406967 "
"a.out 1  101 119;","339","월천해변","101","119","37.159927 ","129.354126 "
"a.out 1  90 72;","340","물안(옆개) 해수욕장","90","72","35.011147222222","128.6532"
"a.out 1  89 67;","341","덕원 해수욕장","89","67","34.778830555556","128.57549166667"
"a.out 1  58 34;","342","표선해비치","58","34","33.327275","126.8434"
"a.out 1  49 32;","343","화순금모래 해수욕장","49","32","33.236238888889","126.31920277778"
"a.out 1  60 37;","344","신양섭지코지 해수욕장","60","37","33.434622222222","126.92376388889"
"a.out 1  48 37;","345","곽지과물 해수욕장","48","37","33.450647222222","126.30459722222"
"a.out 1  47 36;","346","협재 해수욕장","47","36","33.394458333333","126.23996666667"
"a.out 1  51 32;","347","중문ㆍ색달 해수욕장","51","32","33.244794444444","126.41160833333"
"a.out 1  51 38;","348","이호테우 해수욕장","51","38","33.497991666667","126.45268611111"
"a.out 1  54 39;","349","삼양검은모래 해수욕장","54","39","33.525725","126.58600277778"
"a.out 1  101 120;","350","임원해변","101","120","37.205963 ","129.356552 "
"a.out 1  51 120;","351","노가리해수욕장","51","120","37.260925 ","126.463242 "
"a.out 1  55 39;","352","함덕서우봉 해수욕장","55","39","33.543441666667","126.66944722222"
"a.out 1  61 38;","353","하고수동 해수욕장","61","38","33.513302777778","126.95856111111"
"a.out 1  57 39;","354","김녕성세기 해수욕장","57","39","33.557988888889","126.75972777778"
"a.out 1  47 36;","355","금능으뜸원 해수욕장","47","36","33.389908333333","126.23517777778"
"a.out 1  52 120;","356","낭하리해변","52","120","37.260643 ","126.521141 "
"a.out 1  59 38;","357","하도 해수욕장","59","38","33.512905555556","126.89873333333"
"a.out 1  51 120;","358","용담리해변","51","120","37.260925 ","126.463242 "
"a.out 1  100 121;","359","신남해변","100","121","37.253918 ","129.301132 "
"a.out 1  83 68;","360","사량 대항 해수욕장","83","68","34.8508","128.213"
"a.out 1  45 120;","361","덕적도 능동자갈마당","45","120","37.261925 ","126.115814 "
"a.out 1  52 120;","362","구봉솔숲해수욕장","52","120","37.260643 ","126.521141 "
"a.out 1  103 109;","363","후포 해수욕장","103","109","36.675830555556","129.44218333333"
"a.out 1  21 131;","364","소청예동 해수욕장","21","131","37.77","124.72"
"a.out 1  21 135;","365","사곶 해수욕장","21","135","37.95","124.71"
"a.out 1  38 129;","366","구리동 해수욕장","38","129","37.671058333333","125.69814444444"
"a.out 1  50 123;","367","실미 해수욕장","50","123","37.4","126.4"
"a.out 1  44 61;","368","황성금리 해수욕장","44","61","34.53","126.06"
"a.out 1  44 66;","369","추포 해수욕장","44","66","34.801452777778","126.067975"
"a.out 1  42 62;","370","신도 해수욕장","42","62","34.58","125.97"
"a.out 1  33 64;","371","배낭기미 해수욕장","33","64","34.69","125.43"
"a.out 1  28 64;","372","홍도 해수욕장","28","64","34.69","125.19"
"a.out 1  71 62;","373","낭도 해수욕장","71","62","34.6","127.54"
"a.out 1  65 54;","374","정강 해수욕장","65","54","34.22","127.24"
"a.out 1  65 54;","375","대풍 해수욕장","65","54","34.24","127.24"
"a.out 1  51 81;","376","구시포 해수욕장","51","81","35.445130555556","126.43"
"a.out 1  54 33;","377","하효쇠소깍 해수욕장","54","33","33.252491666667","126.62389444444"
"a.out 1  60 38;","378","종달 해수욕장","60","38","33.496161111111","126.91323333333"
"a.out 1  60 38;","379","서빈백사 해수욕장","60","38","33.502355555556","126.94493333333"
"a.out 1  49 48;","380","추자모진이 해수욕장","49","48","33.945611111111","126.33491944444"
"a.out 1  49 100;","381","밤섬 해수욕장","49","100","36.33","126.36"
"a.out 1  51 120;","382","몽돌해수욕장 (옹진군)","51","120","37.260925 ","126.463242 "
"a.out 1  53 121;","383","방아머리해수욕장","53","121","37.306412 ","126.579468 "
"a.out 1  49 100;","384","당너머 해수욕장","49","100","36.35","126.35"
"a.out 1  48 99;","385","호도 해수욕장","48","99","36.3","126.27"
"a.out 1  100 122;","386","초곡해수욕장","100","122","37.299969 ","129.303513 "
"a.out 1  48 105;","387","곰섬 해수욕장","48","105","36.587511111111","126.29155277778"
"a.out 1  46 110;","388","백리포(방주골) 해수욕장","46","110","36.811088888889","126.15456388889"
"a.out 1  89 69;","389","사곡 해수욕장","89","69","34.9","128.57"
"a.out 1  91 72;","390","구영 해수욕장","91","72","35.03","128.69"
"a.out 1  91 67;","391","망치해변 해수욕장","91","67","34.81","128.67"
"a.out 1  90 71;","392","옥계 해수욕장","90","71","34.98","128.6"
"a.out 1  98 124;","393","한재밑해변","98","124","37.395821 ","129.192352 "
"a.out 1  50 123;","394","거잠포해변","50","123","37.399452 ","126.406219 "
"a.out 1  50 124;","395","용유도 마시안해변","50","124","37.445557 ","126.406509 "
"a.out 1  50 124;","396","선녀바위해수욕장","50","124","37.445557 ","126.406509 "
"a.out 1  50 124;","397","용유도해변","50","124","37.445557 ","126.406509 "
"a.out 1  52 115;","398","왜목마을 해수욕장","52","115","37.04","126.53"
"a.out 1  97 126;","399","감추해변","97","126","37.489780 ","129.138916 "
"a.out 1  97 127;","400","한섬해변&한섬감성바닷길","97","127","37.535858 ","129.141190 "
"a.out 1  97 127;","401","고불개해변","97","127","37.535858 ","129.141190 "
"a.out 1  97 127;","402","하평해변(동해)","97","127","37.535858 ","129.141190 "
"a.out 1  94 131;","403","염전해변","94","131","37.725513 ","128.975494 "
"a.out 1  90 137;","404","북분리 해수욕장","90","137","37.988155","128.748896"
"a.out 1  92 133;","405","순포해변","92","133","37.821095 ","128.863083 "
"a.out 1  21 133;","406","대청도 농여해변","21","133","37.853374 ","124.714096 "
"a.out 1  91 135;","407","소돌해수욕장","91","135","37.914974 ","128.808792 "
"a.out 1  49 112;","408","고파도 해수욕장","49","112","36.91","126.34"
"a.out 1  88 74;","409","광암 해수욕장","88","74","35.1","128.5"
"a.out 1  91 135;","410","청시행비치","91","135","37.914974 ","128.808792 "
"a.out 1  73 65;","411","웅천 해수욕장","73","65","34.74","127.67"
"a.out 1  90 116;","412","중광정해변","49","100","38.0274","128.7186"
"a.out 1  84 147;","413","화진포콘도 해수욕장","84","147","38.47531","128.4409"
"a.out 1  66 50;","414","서도 해수욕장","66","50","34.05","127.29"
"a.out 1  46 70;","415","설레미 해수욕장","46","70","34.96","126.14"
"a.out 1  45 71;","416","짱뚱어 해수욕장","45","71","34.99","126.13"
"a.out 1  91 135;","417","향호해수욕장","91","135","37.914974 ","128.808792 "
"a.out 1  21 134;","418","백령도 콩돌해변","21","134","37.899521 ","124.713158 "
"a.out 1  90 136;","419","애견전용해수욕장 멍비치","90","136","37.962708 ","128.752335 "
"a.out 1  90 137;","420","38해변","90","137","38.008842 ","128.754349 "
